{"score_cls\\car": {"pg": 84.20419974316661, "sq": 91.44785652676106, "rq": 92.07892119212802, "iou": 92.7842407819429}, "_timestamp": 1709373018.328585, "score_cls\\bicycle": {"pg": 23.947914860021665, "sq": 74.16976671596237, "rq": 32.28797382056177, "iou": 39.947914215340205}, "score_cls\\motorcycle": {"pg": 35.82196105134084, "sq": 86.01376321210209, "rq": 41.646778042959426, "iou": 33.87078549566943}, "score_cls\\truck": {"pg": 25.05380534705343, "sq": 78.56018808436521, "rq": 31.89122373300371, "iou": 49.140483415813044}, "score_cls\\bus": {"pg": 18.3942148837081, "sq": 83.08053722474826, "rq": 22.14022140221402, "iou": 23.548223334689727}, "score_cls\\person": {"pg": 43.473082772398634, "sq": 86.83028147038493, "rq": 50.06673021925644, "iou": 48.91374224429595}, "score_cls\\bicyclist": {"pg": 54.039343099823654, "sq": 91.8181991768175, "rq": 58.85471898197243, "iou": 53.868697961894064}, "score_cls\\motorcyclist": {"pg": 0.0, "sq": 0.0, "rq": 0.0, "iou": 0.0}, "score_cls\\road": {"pg": 84.98658650360807, "sq": 84.98658650360807, "rq": 100.0, "iou": 84.08565683538295}, "score_cls\\parking": {"pg": 1.5396884570235732, "sq": 60.44950768227333, "rq": 2.547065337763012, "iou": 19.89652345629562}, "score_cls\\sidewalk": {"pg": 61.45911430954881, "sq": 71.1981546140776, "rq": 86.32121807465619, "iou": 66.59060833567627}, "score_cls\\other-ground": {"pg": 0.0, "sq": 0.0, "rq": 0.0, "iou": 0.10589746998094732}, "score_cls\\building": {"pg": 79.76557513764111, "sq": 85.29554148121706, "rq": 93.51669941060904, "iou": 83.03198031895039}, "score_cls\\fence": {"pg": 8.220333072011119, "sq": 63.06357317819309, "rq": 13.034994145960713, "iou": 34.61852499423823}, "score_cls\\vegetation": {"pg": 83.7991513616258, "sq": 83.7991513616258, "rq": 100.0, "iou": 85.30729450725767}, "score_cls\\trunk": {"pg": 32.08744756079382, "sq": 70.18330163695539, "rq": 45.71948998178507, "iou": 55.1274955072646}, "score_cls\\terrain": {"pg": 47.13559576069329, "sq": 73.28182834196079, "rq": 64.32098765432099, "iou": 71.19949895314748}, "score_cls\\pole": {"pg": 51.233434954070276, "sq": 71.00045702931264, "rq": 72.15930304915993, "iou": 61.68143117014521}, "score_cls\\traffic-sign": {"pg": 41.52872669362612, "sq": 74.81431416917069, "rq": 55.509065550906556, "iou": 43.9597460683884}, "scores/score": {"pq": 40.87843029306079, "sq": 69.99963202155452, "rq": 50.63659950511881, "miou": 49.87782868770385}, "scores/score_th": {"pq": 35.616815219689116, "sq": 73.99007405139268, "rq": 41.12082092401198}, "scores/score_st": {"pq": 44.70505943733109, "sq": 67.0974923634904, "rq": 57.557165745923776}, "loss/avg": 2.5106636547397017, "loss/sem": 1.001342934112786, "loss/center": 0.2656172253954515, "loss/offset": 0.17165640173663863, "loss/inst": 0.14974631596664573, "class_iou/car": 92.17536500076775, "class_iou/bicycle": 38.624991228401626, "class_iou/motorcycle": 37.68461861158124, "class_iou/truck": 27.386362003501972, "class_iou/bus": 24.641188531477933, "class_iou/person": 60.556000235754446, "class_iou/bicyclist": 46.92274532644929, "class_iou/motorcyclist": 0.041702142447568244, "class_iou/road": 84.09659472630236, "class_iou/parking": 19.903797044426348, "class_iou/sidewalk": 66.63828283785031, "class_iou/other-ground": 0.10604093150376984, "class_iou/building": 83.23622911870419, "class_iou/fence": 35.47799363299649, "class_iou/vegetation": 85.55830202078289, "class_iou/trunk": 56.44551922335541, "class_iou/terrain": 71.28754231700208, "class_iou/pole": 63.05242072357906, "class_iou/traffic-sign": 55.42448110890801, "miou": 49.96106193504172, "_runtime": 61270.58804988861, "_step": 10}