{"score_cls\\barrier": {"pg": 39.948676912034806, "sq": 73.02881764261262, "rq": 54.70262041970207, "iou": 71.07198596184793}, "_timestamp": 1709030625.959614, "score_cls\\bicycle": {"pg": 37.96708035820633, "sq": 87.5907204755111, "rq": 43.346007604562736, "iou": 10.18214809128341}, "score_cls\\bus": {"pg": 64.65756049381365, "sq": 92.2577277715809, "rq": 70.08362557323981, "iou": 85.94074592614803}, "score_cls\\car": {"pg": 88.58201324548348, "sq": 94.48513229655451, "rq": 93.75233022636485, "iou": 83.45348782913959}, "score_cls\\construction_vehicle": {"pg": 36.63515679536696, "sq": 84.53932262873872, "rq": 43.33504889346372, "iou": 40.0288983663101}, "score_cls\\motorcycle": {"pg": 66.96829039874234, "sq": 92.35009922888298, "rq": 72.51566696508505, "iou": 71.75638516312635}, "score_cls\\pedestrian": {"pg": 75.12993394025746, "sq": 87.84603928755517, "rq": 85.52455472047771, "iou": 71.0073443596968}, "score_cls\\traffic_cone": {"pg": 74.85883717279039, "sq": 88.39484497391568, "rq": 84.6868809995429, "iou": 49.625081645983016}, "score_cls\\trailer": {"pg": 46.896075911874426, "sq": 84.35574630489606, "rq": 55.59322033898305, "iou": 65.09262977090722}, "score_cls\\truck": {"pg": 56.72558049637131, "sq": 90.68386849627728, "rq": 62.553110533324876, "iou": 66.58441411563713}, "score_cls\\driveable_surface": {"pg": 94.82372035416677, "sq": 94.83944307350919, "rq": 99.98342175066313, "iou": 95.0828801656995}, "score_cls\\other_flat": {"pg": 44.9881455192996, "sq": 79.67602985475376, "rq": 56.463839377176804, "iou": 63.47470742577883}, "score_cls\\sidewalk": {"pg": 57.01686664608472, "sq": 75.11915591318638, "rq": 75.90190005859212, "iou": 68.2657295460561}, "score_cls\\terrain": {"pg": 44.04866116220208, "sq": 75.32949101863949, "rq": 58.47465656087163, "iou": 72.17405319427101}, "score_cls\\manmade": {"pg": 84.93655882078718, "sq": 85.67513759314184, "rq": 99.13793103448276, "iou": 87.82926363311957}, "score_cls\\vegetation": {"pg": 79.1291893277207, "sq": 83.35053099473565, "rq": 94.93543518363239, "iou": 85.44370658875451}, "scores/score": {"pq": 62.08202172220014, "sq": 85.5951317221557, "rq": 71.93689064001035, "miou": 67.93834136148496}, "scores/score_th": {"pq": 58.8369205724941, "sq": 87.5532319106525, "rq": 66.60930662747468}, "scores/score_st": {"pq": 67.49052363837684, "sq": 82.3316314079944, "rq": 80.81619732756981}, "loss/avg": 2.51693170720881, "loss/sem": 0.6164206828160043, "loss/center": 0.6622128108601001, "loss/offset": 0.07128067382225046, "loss/inst": 0.2447622227694162, "class_iou/barrier": 69.35675759010792, "class_iou/bicycle": 5.70081791410215, "class_iou/bus": 81.84794679596354, "class_iou/car": 82.75614465847492, "class_iou/construction_vehicle": 39.64484689198253, "class_iou/motorcycle": 68.7092752464068, "class_iou/pedestrian": 71.82888391660036, "class_iou/traffic_cone": 57.06035458589588, "class_iou/trailer": 62.01558706674108, "class_iou/truck": 66.0841641140127, "class_iou/driveable_surface": 95.09143366270912, "class_iou/other_flat": 63.47470742577883, "class_iou/sidewalk": 68.26414254129095, "class_iou/terrain": 72.16444692406449, "class_iou/manmade": 87.34624150470844, "class_iou/vegetation": 85.48018066640098, "miou": 67.30162071907755, "_runtime": 113466.63184595108, "_step": 11}