{"score_cls\\barrier": {"pg": 18.518191119692336, "sq": 67.71159005361078, "rq": 27.34862835894198, "iou": 50.23046963710603}, "_timestamp": 1709189869.0360236, "score_cls\\bicycle": {"pg": 4.311579918165162, "sq": 75.09335024137656, "rq": 5.741626794258373, "iou": 2.487446531523154}, "score_cls\\bus": {"pg": 13.071272640448447, "sq": 76.1484013276545, "rq": 17.16552470248828, "iou": 39.0749049959709}, "score_cls\\car": {"pg": 64.94795781539017, "sq": 85.35707495132444, "rq": 76.08971822479539, "iou": 79.73008890368432}, "score_cls\\construction_vehicle": {"pg": 0.5454304277718338, "sq": 67.29247902635, "rq": 0.8105369807497468, "iou": 0.5355139119392054}, "score_cls\\motorcycle": {"pg": 40.57316843175756, "sq": 85.77605525303102, "rq": 47.30127576054956, "iou": 46.84927422017274}, "score_cls\\pedestrian": {"pg": 49.153089814393816, "sq": 82.087536062168, "rq": 59.878870986173006, "iou": 35.23808160206941}, "score_cls\\traffic_cone": {"pg": 35.18512468326181, "sq": 78.68724598636517, "rq": 44.71515585811537, "iou": 19.570330326113666}, "score_cls\\trailer": {"pg": 1.0240159046066792, "sq": 60.49008236498026, "rq": 1.6928657799274487, "iou": 11.427669768286968}, "score_cls\\truck": {"pg": 17.361808183586202, "sq": 77.81715931675203, "rq": 22.31102797381175, "iou": 49.093577051616826}, "score_cls\\driveable_surface": {"pg": 84.9013458472123, "sq": 85.24095123060114, "rq": 99.60159362549801, "iou": 85.72131444173395}, "score_cls\\other_flat": {"pg": 2.6215970173065637, "sq": 62.8235718966597, "rq": 4.172951231774761, "iou": 17.786714926727647}, "score_cls\\sidewalk": {"pg": 4.926129187522013, "sq": 57.39803055266407, "rq": 8.582401068625813, "iou": 29.481370743766277}, "score_cls\\terrain": {"pg": 25.856676002127678, "sq": 67.00019621770721, "rq": 38.59194071329319, "iou": 55.29239047638364}, "score_cls\\manmade": {"pg": 60.698338803914595, "sq": 71.4991773474348, "rq": 84.8937583001328, "iou": 71.0484453496266}, "score_cls\\vegetation": {"pg": 55.52701266214912, "sq": 69.78900769694891, "rq": 79.56412405699916, "iou": 69.76812591541987}, "scores/score": {"pq": 29.951421153706644, "sq": 73.1382443453518, "rq": 38.653875026008414, "miou": 41.45848242513382}, "scores/score_th": {"pq": 24.469163893907403, "sq": 75.64609745836127, "rq": 30.305523141981094}, "scores/score_st": {"pq": 39.08851658670538, "sq": 68.95848915700263, "rq": 52.56779483272063}, "loss/avg": 2.6368527875017675, "loss/sem": 1.2034175056214864, "loss/center": 0.7362987814893431, "loss/offset": 0.11042093423902777, "loss/inst": 0.5867155615158257, "class_iou/barrier": 48.182967252786355, "class_iou/bicycle": 5.8490846852210145, "class_iou/bus": 25.027670184305084, "class_iou/car": 70.41069082952049, "class_iou/construction_vehicle": 3.1143998249261404, "class_iou/motorcycle": 22.53650704357406, "class_iou/pedestrian": 39.42695925818555, "class_iou/traffic_cone": 25.315410529097033, "class_iou/trailer": 6.818191499331226, "class_iou/truck": 33.52733579985411, "class_iou/driveable_surface": 85.71804552433439, "class_iou/other_flat": 17.74760250230245, "class_iou/sidewalk": 29.497176017324232, "class_iou/terrain": 55.275160860958664, "class_iou/manmade": 70.49849962000432, "class_iou/vegetation": 69.58570681880103, "miou": 38.033213015657886, "_runtime": 127841.32808661461, "_step": 12}