{"score_cls\\barrier": {"pg": 34.127514250342315, "sq": 71.35617113565115, "rq": 47.82699759137083, "iou": 72.2859578346044}, "_timestamp": 1709293335.9994268, "score_cls\\bicycle": {"pg": 28.255646521516965, "sq": 90.97697176708209, "rq": 31.058020477815703, "iou": 8.457031951982174}, "score_cls\\bus": {"pg": 45.59421351554526, "sq": 90.40788854705816, "rq": 50.43167609407562, "iou": 75.35190507328045}, "score_cls\\car": {"pg": 84.66209232963595, "sq": 92.89680266988944, "rq": 91.13563642279951, "iou": 88.88219940709475}, "score_cls\\construction_vehicle": {"pg": 19.157134926558548, "sq": 80.22050250496393, "rq": 23.88059701492537, "iou": 22.209646884517245}, "score_cls\\motorcycle": {"pg": 60.87022886601964, "sq": 91.79230512995761, "rq": 66.3129973474801, "iou": 41.19991013680489}, "score_cls\\pedestrian": {"pg": 70.71716637988547, "sq": 87.35867985188158, "rq": 80.95036062791684, "iou": 58.94098871451913}, "score_cls\\traffic_cone": {"pg": 64.65306777415798, "sq": 85.46157614180714, "rq": 75.65162110616656, "iou": 43.65444962107637}, "score_cls\\trailer": {"pg": 37.23643570995164, "sq": 82.37899615831957, "rq": 45.201371036846616, "iou": 39.115393008896135}, "score_cls\\truck": {"pg": 43.27941904422212, "sq": 90.3289838388156, "rq": 47.913102976394114, "iou": 64.98010691424564}, "score_cls\\driveable_surface": {"pg": 94.10830960304057, "sq": 94.15519964270328, "rq": 99.95019920318725, "iou": 94.38191576581403}, "score_cls\\other_flat": {"pg": 35.83943754157228, "sq": 79.26303609035081, "rq": 45.21582733812949, "iou": 59.4335404410671}, "score_cls\\sidewalk": {"pg": 52.90620729437453, "sq": 73.40184645011925, "rq": 72.07748830995324, "iou": 64.81702807433666}, "score_cls\\terrain": {"pg": 40.22865443639511, "sq": 73.17562693126015, "rq": 54.975483126622436, "iou": 68.87994229381094}, "score_cls\\manmade": {"pg": 83.58844093718587, "sq": 84.34451728737147, "rq": 99.10358565737052, "iou": 86.68897854424775}, "score_cls\\vegetation": {"pg": 77.8487680300142, "sq": 82.96434508767135, "rq": 93.83400537634408, "iou": 84.87860398849642}, "scores/score": {"pq": 54.567046072526146, "sq": 84.40521557718141, "rq": 64.09493560671238, "miou": 60.88484991592462}, "scores/score_th": {"pq": 48.85529193178358, "sq": 86.31788777454264, "rq": 56.036238069579134}, "scores/score_st": {"pq": 64.0866363070971, "sq": 81.21742858157938, "rq": 77.52609816860118}, "loss/avg": 2.784792228378813, "loss/sem": 0.7613122242515444, "loss/center": 0.6950926651493742, "loss/offset": 0.09051374834515392, "loss/inst": 0.3152166722976492, "class_iou/barrier": 70.1325788812626, "class_iou/bicycle": 7.084361727178377, "class_iou/bus": 70.81135860446412, "class_iou/car": 84.18637734731924, "class_iou/construction_vehicle": 20.423861535488598, "class_iou/motorcycle": 38.773942271781465, "class_iou/pedestrian": 60.86835767039648, "class_iou/traffic_cone": 47.8695609468618, "class_iou/trailer": 36.51912073853152, "class_iou/truck": 58.44591903428549, "class_iou/driveable_surface": 94.37961611335766, "class_iou/other_flat": 59.406529427872854, "class_iou/sidewalk": 64.80822105252389, "class_iou/terrain": 68.85761233110841, "class_iou/manmade": 86.28316033310196, "class_iou/vegetation": 84.89950175818805, "miou": 59.60937998585766, "_runtime": 81070.3015139103, "_step": 6}