{"score_cls\\barrier": {"pg": 19.384482195993723, "sq": 68.93239350605647, "rq": 28.121005538985937, "iou": 54.49843362913056}, "_timestamp": 1709189869.305857, "score_cls\\bicycle": {"pg": 1.0406868174270552, "sq": 72.50118161408484, "rq": 1.4354066985645932, "iou": 1.9209456963428149}, "score_cls\\bus": {"pg": 10.110350586659974, "sq": 71.0347509378775, "rq": 14.23296408190668, "iou": 38.86419891685566}, "score_cls\\car": {"pg": 52.45419715053055, "sq": 80.50495491309697, "rq": 65.1564828614009, "iou": 73.86052783539115}, "score_cls\\construction_vehicle": {"pg": 0.4224674665649498, "sq": 69.2142532722243, "rq": 0.6103763987792472, "iou": 0.5451749998321506}, "score_cls\\motorcycle": {"pg": 17.709876634915084, "sq": 76.95363061600007, "rq": 23.013698630136986, "iou": 15.299043062200957}, "score_cls\\pedestrian": {"pg": 43.5746385882049, "sq": 79.80891423826799, "rq": 54.59871118922085, "iou": 35.904428321240935}, "score_cls\\traffic_cone": {"pg": 30.578678284838723, "sq": 78.36452222473477, "rq": 39.02107409925221, "iou": 18.526120276576815}, "score_cls\\trailer": {"pg": 0.8956780482932959, "sq": 60.327648544421365, "rq": 1.4846891432106402, "iou": 10.632028687731484}, "score_cls\\truck": {"pg": 12.128420622198645, "sq": 72.90140597012207, "rq": 16.63674446439258, "iou": 43.305660189013274}, "score_cls\\driveable_surface": {"pg": 79.7253579422433, "sq": 80.09765781255398, "rq": 99.53519256308101, "iou": 80.8135585524064}, "score_cls\\other_flat": {"pg": 2.5394642084616534, "sq": 63.39876210999077, "rq": 4.005542259730445, "iou": 16.540787320044117}, "score_cls\\sidewalk": {"pg": 2.8640567284544476, "sq": 57.75847735716469, "rq": 4.958677685950414, "iou": 25.50418905446432}, "score_cls\\terrain": {"pg": 6.629966766201095, "sq": 60.04792047643207, "rq": 11.041126343090033, "iou": 36.30114454616564}, "score_cls\\manmade": {"pg": 59.54586802443128, "sq": 70.86217087696049, "rq": 84.03054448871183, "iou": 70.24259024757835}, "score_cls\\vegetation": {"pg": 50.818003191388385, "sq": 67.89012072488953, "rq": 74.85331098072086, "iou": 66.86186723618682}, "scores/score": {"pq": 24.401387078550442, "sq": 70.66242282467987, "rq": 32.67097171419595, "miou": 36.85129366069759}, "scores/score_th": {"pq": 18.82994763956269, "sq": 73.05436558368864, "rq": 24.43111531058506}, "scores/score_st": {"pq": 33.68711947686336, "sq": 66.67585155966526, "rq": 46.4040657202141}, "loss/avg": 3.8517400637194874, "loss/sem": 1.356331367906138, "loss/center": 0.7471929513442237, "loss/offset": 0.11862641530589339, "loss/inst": 0.7067010195524708, "class_iou/barrier": 50.05974784907743, "class_iou/bicycle": 5.592208608231228, "class_iou/bus": 24.148753220883744, "class_iou/car": 66.62968252435697, "class_iou/construction_vehicle": 2.1000123167877818, "class_iou/motorcycle": 13.8313645227313, "class_iou/pedestrian": 37.54628843379656, "class_iou/traffic_cone": 21.067971632981703, "class_iou/trailer": 7.166312814327752, "class_iou/truck": 31.42157573101379, "class_iou/driveable_surface": 80.81152740426012, "class_iou/other_flat": 16.556173356078407, "class_iou/sidewalk": 25.521228352051224, "class_iou/terrain": 36.30378499263065, "class_iou/manmade": 69.68175410488814, "class_iou/vegetation": 66.6632668899991, "miou": 34.69385329713099, "_runtime": 127747.627576828, "_step": 12}